{"stats":{"minecraft:mined":{"luminousworld:clovers_5":1,"minecraft:oak_log":11,"minecraft:mossy_cobblestone":16,"luminousworld:grassvariant_4":3,"luminousworld:grassvariant_2":1,"luminousworld:grassvariant_3":1,"luminousworld:autumnleaves":3,"minecraft:oak_leaves":9,"minecraft:crafting_table":1},"minecraft:used":{"minecraft:crafting_table":1,"alexsmobs:animal_dictionary":2,"minecraft:wooden_pickaxe":17},"minecraft:crafted":{"minecraft:oak_planks":44,"minecraft:crafting_table":1,"minecraft:stick":4,"minecraft:wooden_pickaxe":1},"minecraft:custom":{"minecraft:time_since_rest":11802,"minecraft:crouch_one_cm":64,"minecraft:sprint_one_cm":14441,"minecraft:play_time":11802,"minecraft:damage_taken":90,"minecraft:walk_one_cm":19456,"minecraft:sneak_time":21,"minecraft:jump":125,"minecraft:leave_game":2,"minecraft:time_since_death":11802,"minecraft:total_world_time":11802,"minecraft:interact_with_crafting_table":1,"minecraft:fall_one_cm":7325,"minecraft:fly_one_cm":11371},"minecraft:picked_up":{"luminousworld:clovers_1":1,"minecraft:crafting_table":1,"minecraft:oak_log":11,"minecraft:oak_sapling":1,"minecraft:mossy_cobblestone":16}},"DataVersion":3465}