{"stats":{"minecraft:mined":{"luminousworld:whiteoaklog":13,"minecraft:mossy_cobblestone":16,"luminousworld:grassvariant_4":6,"minecraft:birch_log":18,"luminousworld:autumnleaves":3,"minecraft:stripped_birch_log":1,"minecraft:birch_leaves":3,"minecraft:crafting_table":2,"minecraft:grass":1,"minecraft:grass_block":2,"minecraft:oak_log":27,"luminousworld:clovers_5":1,"minecraft:dirt":3,"luminousworld:whiteoakleaves":2,"luminousworld:grassvariant_2":1,"luminousworld:grassvariant_3":1,"minecraft:stone":20,"minecraft:oak_leaves":22},"minecraft:crafted":{"minecraft:oak_planks":44,"minecraft:crafting_table":1,"minecraft:stick":4,"minecraft:wooden_pickaxe":1,"minecraft:stone_axe":1},"minecraft:picked_up":{"minecraft:birch_log":18,"minecraft:stick":1,"minecraft:crafting_table":2,"luminousworld:clovers_1":1,"minecraft:oak_log":27,"minecraft:stripped_birch_log":1,"minecraft:dirt":5,"minecraft:mossy_cobblestone":16,"luminousworld:whiteoaklog":13,"minecraft:oak_sapling":4,"minecraft:birch_sapling":4,"minecraft:cobblestone":20},"minecraft:killed":{"minecraft:zombie":1},"minecraft:killed_by":{"undead_revamp2:the_moonflower":2},"minecraft:used":{"minecraft:wooden_pickaxe":37,"minecraft:stone_axe":80,"minecraft:mossy_cobblestone":3,"minecraft:dirt":5,"minecraft:crafting_table":2,"alexsmobs:animal_dictionary":2},"minecraft:custom":{"minecraft:time_since_rest":1323,"minecraft:sprint_one_cm":22589,"minecraft:damage_taken":795,"minecraft:walk_one_cm":54757,"minecraft:mob_kills":2,"minecraft:damage_dealt":473,"minecraft:interact_with_crafting_table":2,"minecraft:fly_one_cm":25637,"minecraft:crouch_one_cm":2148,"tombstone:undead_killed":1,"minecraft:play_time":29494,"minecraft:deaths":3,"minecraft:sneak_time":565,"minecraft:jump":400,"minecraft:leave_game":3,"minecraft:time_since_death":1617,"minecraft:total_world_time":29494,"minecraft:fall_one_cm":16481}},"DataVersion":3465}