{"stats":{"minecraft:mined":{"minecraft:oak_log":11,"minecraft:mossy_cobblestone":10,"luminousworld:grassvariant_4":3,"luminousworld:grassvariant_2":1,"luminousworld:grassvariant_3":1,"minecraft:oak_leaves":9},"minecraft:used":{"minecraft:crafting_table":1,"alexsmobs:animal_dictionary":2,"minecraft:wooden_pickaxe":10},"minecraft:crafted":{"minecraft:oak_planks":44,"minecraft:crafting_table":1,"minecraft:stick":4,"minecraft:wooden_pickaxe":1},"minecraft:custom":{"minecraft:time_since_rest":9398,"minecraft:crouch_one_cm":64,"minecraft:play_time":9398,"minecraft:sprint_one_cm":8728,"minecraft:damage_taken":70,"minecraft:walk_one_cm":13923,"minecraft:sneak_time":21,"minecraft:jump":86,"minecraft:leave_game":1,"minecraft:time_since_death":9398,"minecraft:total_world_time":9398,"minecraft:interact_with_crafting_table":1,"minecraft:fall_one_cm":5415,"minecraft:fly_one_cm":6794},"minecraft:picked_up":{"minecraft:oak_log":11,"minecraft:mossy_cobblestone":10}},"DataVersion":3465}