{"stats":{"minecraft:mined":{"minecraft:mossy_cobblestone":16,"luminousworld:grassvariant_4":6,"minecraft:birch_log":12,"luminousworld:autumnleaves":3,"minecraft:stripped_birch_log":1,"minecraft:birch_leaves":2,"minecraft:crafting_table":2,"minecraft:grass":1,"minecraft:grass_block":2,"minecraft:oak_log":11,"luminousworld:clovers_5":1,"minecraft:dirt":3,"luminousworld:grassvariant_2":1,"luminousworld:grassvariant_3":1,"minecraft:stone":20,"minecraft:oak_leaves":10},"minecraft:crafted":{"minecraft:oak_planks":44,"minecraft:crafting_table":1,"minecraft:stick":4,"minecraft:wooden_pickaxe":1,"minecraft:stone_axe":1},"minecraft:picked_up":{"minecraft:birch_log":12,"minecraft:crafting_table":2,"luminousworld:clovers_1":1,"minecraft:oak_log":11,"minecraft:stripped_birch_log":1,"minecraft:dirt":5,"minecraft:mossy_cobblestone":16,"minecraft:oak_sapling":1,"minecraft:birch_sapling":3,"minecraft:cobblestone":20},"minecraft:used":{"minecraft:wooden_pickaxe":37,"minecraft:stone_axe":18,"minecraft:dirt":5,"minecraft:crafting_table":2,"alexsmobs:animal_dictionary":2},"minecraft:custom":{"minecraft:time_since_rest":16715,"minecraft:sprint_one_cm":15619,"minecraft:damage_taken":110,"minecraft:walk_one_cm":31473,"minecraft:interact_with_crafting_table":2,"minecraft:fly_one_cm":13393,"minecraft:crouch_one_cm":108,"minecraft:play_time":16715,"minecraft:sneak_time":30,"minecraft:jump":186,"minecraft:leave_game":2,"minecraft:time_since_death":16715,"minecraft:total_world_time":16715,"minecraft:fall_one_cm":8263}},"DataVersion":3465}